user_id,week,avg_food_spend,avg_grocery_spend,avg_transport_spend,avg_entertainment_spend,avg_shopping_spend,avg_total_spend,spend_std,daily_txn_count,mean_hour_of_day,late_night_count,income_gap_days,income_on_time,savings_rate,want_spend_pct,need_spend_pct,coverage_ratio,missed_savings,upi_stress_word_count,unique_merchant_count,repeat_merchant_rate,category_spike_count,profile_type,is_anomalous
user_001,1,1207.33,0.0,647.2,1754.0,2969.5,191774.0,7398.23,5.57,14.64,0,4,1,0.426,0.211,0.363,2.21,0,1,25,0.73,3,stable_salaried,0
user_001,2,800.0,1449.83,1137.6,1768.8,3787.25,158565.0,5241.15,5.14,15.58,0,5,1,0.217,0.25,0.532,1.67,0,1,24,0.48,0,stable_salaried,0
user_001,3,573.0,1947.0,1062.25,979.5,1829.0,106405.0,3665.32,4.57,15.22,0,1,1,0.313,0.313,0.374,2.12,0,1,11,0.43,4,stable_salaried,0
user_001,4,1592.0,1742.75,1076.83,823.0,3164.5,125416.0,5423.55,5.29,15.86,0,3,1,0.358,0.418,0.224,1.32,0,0,19,0.64,0,stable_salaried,0
user_001,5,1696.0,1437.8,618.75,1238.0,2944.0,167614.0,7361.91,5.0,13.71,0,6,1,0.514,0.284,0.201,1.19,0,0,4,0.49,5,stable_salaried,0
user_001,6,159.0,1390.4,1459.67,1379.0,3565.75,125906.0,5759.83,4.43,14.55,0,14,1,0.423,0.277,0.3,1.79,0,1,25,0.62,5,stable_salaried,0
user_001,7,708.0,1503.67,452.27,1198.25,4055.33,66616.0,1927.75,5.0,15.94,0,7,1,0.301,0.283,0.416,0.75,0,1,22,0.81,3,stable_salaried,1
user_001,8,833.5,1989.5,568.75,1400.5,0.0,121673.0,5552.31,5.29,14.78,0,8,1,0.153,0.497,0.351,1.35,0,0,11,0.57,4,stable_salaried,0
user_001,9,429.0,1541.0,664.5,1389.0,3872.0,59166.0,3196.85,3.14,16.59,0,15,1,0.596,0.198,0.205,1.81,0,1,13,0.65,2,stable_salaried,0
user_002,1,870.33,1306.5,725.67,1688.5,3371.0,209093.0,7901.81,5.43,14.55,0,12,1,0.483,0.164,0.354,2.36,0,1,8,0.34,3,stable_salaried,0
user_002,2,1319.0,1561.0,1424.0,0.0,5069.0,137115.0,5682.82,4.71,15.24,0,3,1,0.592,0.172,0.236,1.22,0,0,18,0.33,3,stable_salaried,0
user_002,3,1397.6,0.0,594.33,2012.25,3608.0,154145.0,6008.7,5.14,15.5,0,3,1,0.382,0.159,0.459,1.21,0,0,22,0.46,1,stable_salaried,0
user_002,4,479.67,1292.5,1262.8,1262.75,3539.0,117135.0,4744.91,5.43,15.82,0,13,1,0.192,0.218,0.591,0.83,0,1,19,0.32,3,stable_salaried,0
user_002,5,535.0,2068.67,1039.67,2097.67,2832.6,183475.0,10500.76,5.43,15.63,0,3,1,0.474,0.295,0.231,2.66,0,2,6,0.38,3,stable_salaried,0
user_002,6,1060.5,1642.25,1270.3,1285.5,0.0,115127.0,4739.11,4.43,14.39,0,0,1,0.338,0.564,0.098,0.63,0,1,7,0.66,1,stable_salaried,1
user_002,7,681.0,1918.0,744.71,1646.0,2901.4,86773.0,2196.51,5.0,14.26,0,7,1,0.281,0.445,0.274,2.52,0,0,15,0.58,4,stable_salaried,0
user_002,8,0.0,1531.0,825.12,758.0,2570.0,134681.0,5464.11,5.0,16.4,0,6,1,0.322,0.38,0.298,1.18,0,0,8,0.74,1,stable_salaried,0
user_002,9,1160.0,0.0,505.8,0.0,1660.0,61935.0,5190.99,2.43,15.71,0,14,1,0.32,0.57,0.11,2.26,0,0,17,0.27,0,stable_salaried,0
user_003,1,1050.5,2298.0,913.0,888.0,3030.83,126585.0,10326.49,4.57,14.09,0,9,1,0.621,0.237,0.142,1.38,0,0,5,0.3,3,stable_salaried,0
user_003,2,0.0,1449.75,557.0,2923.0,3142.75,160730.0,6478.16,4.86,14.65,0,14,1,0.225,0.277,0.498,1.46,0,1,25,0.85,3,stable_salaried,0
user_003,3,1521.0,1583.0,535.88,1182.67,2864.67,104900.0,2651.19,5.57,14.03,0,2,1,0.382,0.374,0.244,1.64,0,0,17,0.6,5,stable_salaried,0
user_003,4,1341.0,2018.0,1193.5,1732.0,3976.0,155959.0,5424.76,5.14,13.58,0,0,1,0.182,0.469,0.349,1.84,0,1,22,0.48,3,stable_salaried,0
user_003,5,474.0,1495.0,317.33,703.25,3999.33,169765.0,11038.63,5.14,13.86,0,8,1,0.583,0.308,0.109,0.79,0,1,6,0.67,3,stable_salaried,1
user_003,6,510.67,1316.0,890.29,1676.33,1833.67,170132.0,5876.09,5.14,15.08,0,4,1,0.185,0.267,0.548,1.54,0,0,4,0.78,2,stable_salaried,0
user_003,7,0.0,1904.67,700.0,612.0,778.0,91265.0,3219.66,4.0,15.07,0,15,1,0.323,0.337,0.34,1.62,0,0,6,0.32,5,stable_salaried,0
user_003,8,1059.0,2202.0,1140.3,457.0,0.0,85679.0,3085.98,4.14,15.79,0,8,1,0.442,0.226,0.333,2.25,0,0,9,0.82,4,stable_salaried,0
user_003,9,0.0,1421.0,1285.57,0.0,956.0,76860.0,6193.4,2.71,16.47,0,9,1,0.478,0.377,0.146,1.31,0,2,13,0.55,0,stable_salaried,0
user_004,1,455.0,0.0,277.0,1736.0,0.0,163809.0,9427.77,4.0,13.68,0,2,1,0.408,0.266,0.326,0.93,0,0,19,0.41,1,stable_salaried,0
user_004,2,1217.0,1702.4,927.38,1288.75,0.0,163894.0,7051.42,5.29,15.3,0,1,1,0.401,0.251,0.349,1.92,0,0,23,0.72,1,stable_salaried,0
user_004,3,1056.0,1935.67,1022.2,2455.0,522.0,123988.0,5464.1,4.71,14.18,0,4,1,0.169,0.385,0.446,2.14,0,1,25,0.44,3,stable_salaried,0
user_004,4,932.0,1843.5,883.25,1604.0,3731.0,56122.0,1487.45,4.0,15.43,0,6,1,0.482,0.304,0.214,0.97,0,2,11,0.65,1,stable_salaried,0
user_004,5,569.0,1456.5,586.0,1717.0,2461.67,177481.0,12250.27,5.0,14.49,0,3,1,0.586,0.094,0.321,2.0,0,0,14,0.35,1,stable_salaried,0
user_004,6,324.5,1732.75,571.0,883.0,1579.0,127801.0,4774.18,5.14,13.78,0,15,1,0.468,0.261,0.271,0.86,0,4,21,0.82,4,stable_salaried,0
user_004,7,902.67,1611.2,1151.5,1176.0,3724.0,110539.0,3728.87,4.57,15.22,0,13,1,0.338,0.134,0.528,0.88,0,0,11,0.76,2,stable_salaried,0
user_004,8,466.0,2252.0,458.5,1961.33,5806.0,70635.0,2636.28,4.29,14.8,0,6,1,0.488,0.381,0.131,1.06,0,2,4,0.27,4,stable_salaried,0
user_004,9,660.75,1364.6,0.0,1667.0,1087.0,86837.0,6243.52,2.71,15.84,0,4,1,0.117,0.281,0.602,1.91,0,0,16,0.65,3,stable_salaried,0
user_005,1,1735.0,1796.0,549.29,0.0,2317.0,198295.0,11344.3,4.86,15.85,0,3,1,0.544,0.249,0.207,0.81,0,0,24,0.73,4,stable_salaried,0
user_005,2,311.0,810.8,687.57,1891.71,4324.0,63303.0,1539.33,5.57,14.69,0,10,1,0.339,0.183,0.478,0.95,0,0,22,0.77,3,stable_salaried,0
user_005,3,1278.33,1544.5,1046.14,1654.78,0.0,181505.0,6373.94,5.29,15.81,0,9,1,0.653,0.261,0.086,1.91,0,0,18,0.79,5,stable_salaried,0
user_005,4,837.67,1745.67,1201.8,935.5,3023.33,150376.0,5130.55,5.71,15.32,0,12,1,0.21,0.526,0.264,2.02,0,1,7,0.35,2,stable_salaried,0
user_005,5,463.0,1611.33,1434.67,1064.0,3250.25,163138.0,8278.12,5.57,14.95,0,4,1,0.711,0.194,0.095,2.42,0,2,24,0.74,5,stable_salaried,0
user_005,6,1356.0,1844.5,603.62,2223.33,2574.5,152543.0,6555.29,4.86,15.38,0,5,1,0.497,0.385,0.118,1.42,0,1,7,0.64,2,stable_salaried,0
user_005,7,1147.75,1764.67,687.92,1696.25,5094.0,74090.0,1952.09,5.0,14.71,0,10,1,0.266,0.504,0.231,1.17,0,1,12,0.81,0,stable_salaried,0
user_005,8,1381.6,1001.0,777.5,1529.4,3627.5,132030.0,5666.72,4.86,13.94,0,15,1,0.335,0.137,0.528,1.55,0,0,8,0.27,4,stable_salaried,0
user_005,9,843.0,1034.67,686.5,0.0,1402.5,72856.0,4582.26,3.14,15.41,0,3,1,0.387,0.504,0.11,1.7,0,1,4,0.72,2,stable_salaried,0
user_006,1,1499.5,1085.25,673.0,1356.0,1434.0,150583.0,11786.19,4.86,13.82,0,7,1,0.762,0.142,0.096,2.28,0,1,21,0.64,2,stable_salaried,0
user_006,2,854.33,1611.33,465.0,1936.75,3317.0,136799.0,4429.98,5.43,15.37,0,2,1,0.598,0.291,0.112,2.56,0,0,5,0.62,1,stable_salaried,0
user_006,3,963.4,1266.0,879.33,2810.67,0.0,181303.0,6720.39,5.29,15.05,0,0,1,0.487,0.398,0.115,1.59,0,2,20,0.3,3,stable_salaried,0
user_006,4,738.0,904.0,1017.0,2309.5,3418.67,170240.0,5565.41,5.43,15.03,0,3,1,0.175,0.316,0.508,0.79,0,1,15,0.25,5,stable_salaried,1
user_006,5,1338.5,2225.5,984.14,1212.25,2236.0,197377.0,8346.12,5.43,14.76,0,13,1,0.661,0.141,0.198,2.1,0,2,19,0.52,0,stable_salaried,0
user_006,6,1062.5,1508.0,792.22,947.0,4623.0,117546.0,4826.22,5.29,14.78,0,11,1,0.483,0.125,0.392,1.84,0,0,20,0.63,3,stable_salaried,0
user_006,7,473.0,1747.6,762.43,1562.0,2034.5,52542.0,1366.31,4.29,15.87,0,13,1,0.295,0.127,0.577,2.58,0,0,7,0.31,4,stable_salaried,0
user_006,8,1228.67,1765.8,1484.5,1991.25,2104.5,122721.0,5199.47,4.43,15.39,0,5,1,0.455,0.338,0.206,1.03,0,0,5,0.22,4,stable_salaried,0
user_006,9,390.0,1797.5,971.5,1689.0,4776.0,87546.0,5553.64,3.29,17.3,0,12,1,0.253,0.427,0.32,0.97,0,0,18,0.66,5,stable_salaried,0
user_007,1,635.33,1175.0,906.86,2148.67,743.0,82552.0,6079.42,4.57,14.16,0,12,1,0.576,0.192,0.232,2.76,0,0,7,0.3,2,stable_salaried,0
user_007,2,934.4,1532.5,777.0,1498.5,2250.67,86970.0,2345.47,4.71,14.88,0,15,1,0.409,0.414,0.177,0.66,0,1,10,0.42,2,stable_salaried,1
user_007,3,461.0,1668.5,515.5,1545.8,4301.6,120985.0,3746.23,4.57,15.06,0,1,1,0.381,0.457,0.162,2.2,0,1,16,0.28,4,stable_salaried,0
user_007,4,802.0,1700.4,991.0,1943.8,3322.5,77256.0,1610.52,4.43,14.94,0,7,1,0.247,0.419,0.335,2.55,0,0,6,0.52,1,stable_salaried,0
user_007,5,763.5,381.5,913.6,1350.5,4202.0,156805.0,7793.66,4.86,15.15,0,3,1,0.458,0.332,0.211,1.84,0,1,10,0.48,1,stable_salaried,0
user_007,6,880.33,1472.4,731.5,1258.2,0.0,142588.0,5639.44,5.14,15.64,0,15,1,0.62,0.099,0.281,1.54,0,0,19,0.84,0,stable_salaried,0
user_007,7,272.0,0.0,848.5,1661.29,2739.25,157774.0,5714.97,5.0,14.51,0,6,1,0.307,0.347,0.345,2.65,0,1,25,0.29,2,stable_salaried,0
user_007,8,1046.75,1610.5,0.0,1049.5,2672.5,147779.0,5227.47,4.86,14.38,0,15,1,0.523,0.276,0.201,0.66,0,1,14,0.41,5,stable_salaried,1
user_007,9,755.4,2311.0,841.2,843.0,2403.0,54461.0,3532.04,3.29,14.91,0,12,1,0.22,0.458,0.322,1.15,0,1,14,0.52,2,stable_salaried,0
user_008,1,989.33,1648.67,840.0,1571.67,3385.75,172503.0,6837.92,5.86,15.15,0,15,1,0.561,0.382,0.057,2.45,0,0,5,0.23,4,stable_salaried,0
user_008,2,858.67,1260.67,1135.38,624.0,2856.25,111049.0,4970.86,5.43,15.61,0,9,1,0.428,0.172,0.4,1.31,0,4,16,0.83,5,stable_salaried,0
user_008,3,1285.0,1315.33,774.6,936.0,3858.0,114254.0,4493.68,4.71,14.33,0,12,1,0.272,0.61,0.118,0.53,0,0,14,0.85,2,stable_salaried,1
user_008,4,791.0,1668.6,1548.75,2276.2,2408.0,102204.0,4264.33,4.71,16.06,0,13,1,0.276,0.465,0.259,0.67,0,0,24,0.46,2,stable_salaried,1
user_008,5,823.67,1641.0,1082.12,985.0,4114.33,175780.0,11930.64,5.14,15.33,0,15,1,0.538,0.252,0.21,1.99,0,2,4,0.81,2,stable_salaried,0
user_008,6,851.5,928.33,962.25,1712.0,3786.6,110489.0,2793.69,5.57,14.36,0,2,1,0.299,0.508,0.193,1.78,0,1,13,0.58,1,stable_salaried,0
user_008,7,933.4,1677.67,746.4,2085.5,3460.2,108210.0,3577.01,5.14,14.5,0,5,1,0.466,0.25,0.285,2.43,0,1,13,0.36,5,stable_salaried,0
user_008,8,1396.2,948.0,985.4,2428.0,3229.75,120705.0,4934.72,4.43,15.23,0,8,1,0.17,0.729,0.102,1.73,0,1,20,0.2,0,stable_salaried,0
user_008,9,941.0,1508.5,895.25,0.0,5050.0,121809.0,6675.46,3.43,14.12,0,13,1,0.474,0.392,0.134,0.51,0,0,8,0.81,2,stable_salaried,1
user_009,1,723.4,2031.0,779.0,1859.0,2749.0,134607.0,9798.99,5.0,16.09,0,8,1,0.65,0.142,0.208,0.61,0,0,16,0.37,2,stable_salaried,1
user_009,2,958.0,948.0,398.67,2248.5,5331.5,117946.0,4904.54,4.57,15.41,0,7,1,0.214,0.455,0.331,2.76,0,2,12,0.38,0,stable_salaried,0
user_009,3,765.0,645.5,539.17,1460.33,2530.0,96472.0,3898.75,5.0,15.77,0,15,1,0.281,0.457,0.263,1.16,0,1,23,0.55,0,stable_salaried,0
user_009,4,1048.5,2263.5,730.0,1929.0,3005.33,106833.0,4864.92,3.86,13.85,0,11,1,0.404,0.288,0.307,1.42,0,0,14,0.71,1,stable_salaried,0
user_009,5,1377.75,1459.67,1140.0,1871.8,3650.75,169978.0,5595.23,5.86,14.73,0,10,1,0.632,0.159,0.21,2.73,0,1,9,0.5,3,stable_salaried,0
user_009,6,1032.8,1265.5,1147.7,2085.0,3262.0,105244.0,3422.68,5.71,15.55,0,7,1,0.322,0.342,0.337,1.79,0,1,8,0.7,3,stable_salaried,0
user_009,7,310.5,1410.75,1228.25,2812.0,3285.67,172129.0,6962.45,5.14,14.47,0,11,1,0.143,0.481,0.376,2.24,0,3,10,0.25,0,stable_salaried,0
user_009,8,963.0,1710.0,956.86,2074.33,3765.33,142086.0,5037.73,5.14,15.5,0,2,1,0.423,0.347,0.23,1.9,0,1,18,0.34,1,stable_salaried,0
user_009,9,681.0,866.33,572.67,1795.33,546.0,61933.0,5771.28,2.71,14.47,0,4,1,0.461,0.492,0.047,0.71,0,0,7,0.2,0,stable_salaried,1
user_010,1,876.67,1456.5,897.75,2183.67,939.0,143334.0,11382.65,4.71,14.33,0,0,1,0.58,0.196,0.224,2.33,0,1,12,0.66,4,stable_salaried,0
user_010,2,910.6,0.0,1485.0,1404.5,3414.0,138565.0,5251.37,4.86,14.47,0,0,1,0.375,0.182,0.443,1.24,0,2,21,0.46,5,stable_salaried,0
user_010,3,866.67,1120.33,813.33,1488.29,4596.0,152052.0,5208.42,5.86,14.93,0,10,1,0.535,0.372,0.093,1.23,0,0,18,0.54,3,stable_salaried,0
user_010,4,917.67,2084.0,1189.38,1663.0,1979.0,187307.0,7840.91,4.71,16.0,0,3,1,0.109,0.241,0.65,1.29,0,0,25,0.7,2,stable_salaried,0
user_010,5,1126.0,2031.0,540.4,1687.0,1087.67,164559.0,10062.63,4.86,15.21,0,12,1,0.518,0.294,0.188,0.89,0,0,20,0.6,3,stable_salaried,0
user_010,6,870.0,2460.0,739.33,1503.33,3454.5,164648.0,4896.07,5.43,14.79,0,14,1,0.3,0.367,0.334,0.98,0,1,10,0.81,3,stable_salaried,0
user_010,7,796.25,1135.0,1274.5,1179.0,1545.25,112427.0,4135.08,5.14,14.75,0,8,1,0.343,0.311,0.347,0.59,0,0,5,0.59,5,stable_salaried,1
user_010,8,1675.5,1459.67,900.83,1570.0,5325.0,131566.0,5330.19,4.71,14.39,0,12,1,0.301,0.355,0.344,1.4,0,1,9,0.24,1,stable_salaried,0
user_010,9,1094.5,909.0,381.0,1366.0,2447.0,76642.0,6490.42,3.0,15.1,0,10,1,0.316,0.228,0.456,2.36,0,1,25,0.61,0,stable_salaried,0
user_011,1,1144.0,1234.83,537.0,1383.33,2750.86,115294.0,3016.28,5.57,15.51,0,11,1,0.411,0.33,0.259,1.61,0,0,21,0.42,2,gig_variable,0
user_011,2,424.0,1395.5,955.14,1303.33,4118.0,119806.0,5585.43,4.71,16.12,0,10,1,0.384,0.336,0.28,2.77,0,1,25,0.63,4,gig_variable,0
user_011,3,697.0,1711.0,558.75,1739.5,1278.0,106712.0,3940.36,4.29,16.63,0,3,1,0.314,0.481,0.205,2.08,0,0,21,0.68,5,gig_variable,0
user_011,4,1027.0,1571.5,882.8,1967.6,3380.0,118811.0,3460.61,6.0,15.71,0,8,1,0.575,0.183,0.242,2.75,0,1,9,0.31,3,gig_variable,0
user_011,5,1126.0,919.57,440.8,2507.0,3717.0,115162.0,6152.31,4.43,15.48,0,4,1,0.527,0.348,0.125,2.31,0,1,17,0.69,1,gig_variable,0
user_011,6,1205.0,1451.75,551.0,1947.8,2269.0,84995.0,2325.71,4.71,15.39,0,4,1,0.32,0.211,0.468,1.46,0,0,25,0.26,1,gig_variable,0
user_011,7,605.0,0.0,925.64,1654.86,5014.5,164888.0,6324.27,5.57,15.85,0,4,1,0.475,0.258,0.268,2.58,0,1,9,0.64,5,gig_variable,0
user_011,8,958.2,1749.25,278.0,1521.25,2564.0,122640.0,3497.13,5.43,14.74,0,7,1,0.389,0.475,0.137,0.7,0,0,21,0.35,4,gig_variable,1
user_011,9,766.0,1842.33,711.5,1726.5,3600.5,42057.0,1399.6,2.71,15.05,0,9,1,0.303,0.526,0.171,2.08,0,0,11,0.26,4,gig_variable,0
user_012,1,1072.5,1160.2,996.29,2603.5,4317.0,142415.0,4142.31,5.43,14.05,0,2,1,0.215,0.252,0.533,0.56,0,1,4,0.73,2,gig_variable,1
user_012,2,1089.33,1131.0,1447.0,1359.0,3496.0,174141.0,6167.75,4.71,15.79,0,3,1,0.304,0.389,0.307,0.8,0,0,19,0.36,5,gig_variable,0
user_012,3,740.33,974.5,1128.67,1594.2,2630.71,121878.0,3172.82,5.71,13.85,0,11,1,0.317,0.321,0.362,0.59,0,0,6,0.84,2,gig_variable,1
user_012,4,991.75,1151.33,72.0,1748.5,2570.67,156547.0,7178.89,4.57,14.56,0,13,1,0.622,0.359,0.02,1.08,0,0,6,0.43,0,gig_variable,0
user_012,5,1130.25,2116.0,480.2,1377.33,3738.0,69056.0,1676.37,4.86,14.03,0,4,1,0.304,0.309,0.387,1.84,0,1,13,0.63,1,gig_variable,0
user_012,6,1199.0,1388.0,1047.2,2686.5,3986.4,163138.0,5880.33,5.29,14.97,0,15,1,0.247,0.654,0.099,0.94,0,0,14,0.22,0,gig_variable,0
user_012,7,1409.67,1140.0,453.0,544.5,3395.75,120537.0,4521.63,5.43,15.0,0,13,1,0.18,0.197,0.623,1.51,0,1,16,0.24,1,gig_variable,0
user_012,8,721.0,1507.0,776.0,1295.5,1768.33,108145.0,5449.08,4.71,14.76,0,4,1,0.327,0.318,0.355,1.96,0,1,11,0.5,2,gig_variable,0
user_012,9,1514.0,1559.33,676.75,0.0,2491.0,83829.0,3764.04,3.29,15.48,0,4,1,0.518,0.194,0.287,0.93,0,0,21,0.53,1,gig_variable,0
user_013,1,449.0,0.0,981.88,1495.83,2287.8,181380.0,6363.73,5.57,15.1,0,7,1,0.325,0.322,0.353,1.6,0,1,12,0.23,0,gig_variable,0
user_013,2,484.5,1208.8,742.5,804.0,4456.5,107085.0,2184.18,5.86,15.37,0,10,1,0.508,0.255,0.237,2.63,0,2,20,0.4,0,gig_variable,0
user_013,3,1084.17,1242.4,1007.89,1876.5,5309.5,109020.0,2474.94,5.86,15.2,0,9,1,0.207,0.291,0.502,0.84,0,2,6,0.47,3,gig_variable,0
user_013,4,1259.0,1007.0,1453.5,878.0,3536.5,172351.0,6905.3,4.71,15.36,0,4,1,0.545,0.061,0.395,1.78,0,0,25,0.39,5,gig_variable,0
user_013,5,1163.67,1504.33,226.0,1795.8,1984.5,95120.0,2728.63,4.71,15.27,0,13,1,0.205,0.479,0.316,0.67,0,0,14,0.31,0,gig_variable,1
user_013,6,784.0,1360.5,1111.83,577.0,3243.4,123124.0,3795.64,4.86,15.76,0,4,1,0.329,0.361,0.31,2.04,0,2,24,0.56,1,gig_variable,0
user_013,7,945.5,1416.33,807.29,1535.33,2846.0,96928.0,5037.29,4.14,15.31,0,15,1,0.492,0.372,0.135,2.42,0,0,22,0.59,3,gig_variable,0
user_013,8,1552.33,1857.8,730.92,1628.0,1099.0,115777.0,3772.59,5.43,15.24,0,12,1,0.461,0.287,0.252,2.66,0,1,25,0.26,4,gig_variable,0
user_013,9,1232.0,0.0,1411.0,2509.5,1998.5,97112.0,4125.71,3.29,14.26,0,4,1,0.552,0.188,0.261,1.33,0,2,19,0.31,5,gig_variable,0
user_014,1,0.0,778.5,1041.83,1346.0,3892.0,139976.0,4803.16,5.0,16.23,0,3,1,0.384,0.201,0.415,0.9,0,1,23,0.26,1,gig_variable,0
user_014,2,1050.0,1566.25,629.67,1161.5,5556.0,122545.0,4014.27,6.29,15.86,0,5,1,0.301,0.437,0.262,2.51,0,0,16,0.46,5,gig_variable,0
user_014,3,551.33,1786.33,1206.33,2470.0,4554.5,124776.0,4239.79,4.86,14.06,0,8,1,0.295,0.462,0.243,1.81,0,3,8,0.82,2,gig_variable,0
user_014,4,1072.0,1642.67,1400.2,1692.0,1030.5,135726.0,5348.23,5.43,14.66,0,8,1,0.326,0.384,0.29,1.22,0,0,18,0.62,0,gig_variable,0
user_014,5,930.14,1465.2,493.25,0.0,3559.2,150589.0,4054.97,6.71,14.68,0,9,1,0.187,0.476,0.338,1.98,0,2,23,0.56,3,gig_variable,0
user_014,6,871.6,927.0,1187.43,971.4,2772.5,92810.0,3450.05,5.0,14.97,0,15,1,0.233,0.156,0.611,0.7,0,0,12,0.51,2,gig_variable,1
user_014,7,1026.0,2076.0,520.0,2106.0,2832.75,98974.0,3125.59,4.29,16.03,0,11,1,0.537,0.156,0.307,1.41,0,1,25,0.73,0,gig_variable,0
user_014,8,936.33,2198.67,853.0,1490.75,2005.5,125476.0,3681.75,5.43,16.24,0,12,1,0.391,0.413,0.196,2.67,0,0,18,0.7,1,gig_variable,0
user_014,9,1028.67,747.0,876.25,1594.0,2447.5,86141.0,6362.72,3.29,15.96,0,12,1,0.73,0.116,0.154,2.41,0,2,24,0.77,1,gig_variable,0
user_015,1,996.67,1336.4,423.5,1852.0,5041.0,143024.0,6512.35,4.86,14.59,0,10,1,0.074,0.475,0.451,1.87,0,0,24,0.64,3,gig_variable,0
user_015,2,764.5,1564.29,993.14,1372.0,4832.33,146824.0,3344.57,6.0,16.14,0,7,1,0.363,0.203,0.433,0.73,0,2,5,0.51,4,gig_variable,1
user_015,3,519.0,974.0,974.86,2089.25,4118.33,128498.0,4630.66,5.14,15.56,0,1,1,0.414,0.378,0.208,2.39,0,1,21,0.74,4,gig_variable,0
user_015,4,470.0,1104.17,962.71,897.0,3293.8,60810.0,1507.61,4.57,15.16,0,13,1,0.195,0.269,0.536,0.53,0,1,17,0.26,4,gig_variable,1
user_015,5,1138.75,1425.38,1321.86,1277.0,4032.0,102135.0,4266.56,5.29,14.95,0,11,1,0.601,0.247,0.152,1.04,0,0,7,0.47,5,gig_variable,0
user_015,6,907.5,1213.0,709.5,1483.83,3303.5,116668.0,4079.24,5.71,14.8,0,9,1,0.175,0.231,0.593,0.55,0,2,9,0.39,1,gig_variable,1
user_015,7,1036.0,949.43,195.0,253.0,3245.57,130556.0,3632.75,5.86,15.59,0,6,1,0.373,0.364,0.263,1.79,0,0,16,0.47,1,gig_variable,0
user_015,8,0.0,1464.2,425.33,1684.67,0.0,94884.0,4199.06,4.43,15.06,0,13,1,0.302,0.395,0.303,1.54,0,1,22,0.7,5,gig_variable,0
user_015,9,0.0,324.0,702.4,1119.0,2207.0,78099.0,6167.25,3.0,14.38,0,14,1,0.425,0.433,0.142,1.43,0,1,11,0.49,2,gig_variable,0
user_016,1,1633.0,1254.0,571.86,1840.0,3253.0,139794.0,5136.72,5.57,14.64,0,10,1,0.416,0.294,0.29,0.68,0,1,8,0.25,3,gig_variable,1
user_016,2,1297.75,1552.0,705.12,1564.17,3342.4,110665.0,4214.82,5.43,15.37,0,11,1,0.188,0.593,0.219,0.59,0,1,24,0.79,2,gig_variable,1
user_016,3,1450.0,1943.33,1058.67,2044.0,843.0,90152.0,2619.86,4.43,15.71,0,11,1,0.27,0.42,0.31,1.99,0,1,6,0.5,0,gig_variable,0
user_016,4,900.67,965.67,1017.44,1799.0,3340.0,139581.0,4593.5,5.71,14.25,0,2,1,0.5,0.344,0.156,1.67,0,0,19,0.44,0,gig_variable,0
user_016,5,1141.5,1218.25,1085.57,1007.0,0.0,111299.0,3886.35,5.71,15.48,0,9,1,0.356,0.154,0.49,2.03,0,1,19,0.69,4,gig_variable,0
user_016,6,863.5,1506.25,707.0,448.75,0.0,134273.0,3664.96,5.43,13.5,0,10,1,0.312,0.535,0.153,1.43,0,0,8,0.52,1,gig_variable,0
user_016,7,183.0,0.0,711.67,2421.0,3138.4,116483.0,2340.88,5.71,15.88,0,9,1,0.373,0.275,0.352,0.75,0,0,17,0.69,1,gig_variable,1
user_016,8,1210.0,1189.0,943.29,1307.0,2708.0,111095.0,3413.9,5.29,16.3,0,7,1,0.57,0.268,0.162,1.4,0,0,10,0.34,0,gig_variable,0
user_016,9,1277.0,1363.5,581.67,2043.5,0.0,79150.0,6021.68,2.43,14.47,0,11,1,0.558,0.361,0.081,2.6,0,1,13,0.61,3,gig_variable,0
user_017,1,680.0,1618.0,815.43,1553.5,5915.0,143572.0,4698.36,5.71,14.28,0,11,1,0.465,0.085,0.449,1.25,0,1,17,0.59,1,gig_variable,0
user_017,2,1269.0,842.5,553.33,704.0,3601.8,201963.0,7221.54,5.86,14.78,0,2,1,0.386,0.261,0.353,1.78,0,1,23,0.59,1,gig_variable,0
user_017,3,1235.0,1401.0,931.43,1224.5,1931.2,94907.0,2122.04,5.43,14.87,0,9,1,0.377,0.28,0.344,2.34,0,0,20,0.81,4,gig_variable,0
user_017,4,1339.0,2020.0,881.67,901.0,3745.6,71832.0,1566.12,4.29,14.93,0,9,1,0.274,0.358,0.368,2.48,0,0,19,0.27,4,gig_variable,0
user_017,5,1152.25,1568.75,1163.0,1398.0,1423.67,180277.0,6805.39,5.43,15.08,0,12,1,0.427,0.442,0.131,1.06,0,1,7,0.28,5,gig_variable,0
user_017,6,1144.6,1235.0,335.4,1083.0,997.0,99326.0,4666.5,5.29,15.14,0,11,1,0.443,0.296,0.261,0.85,0,1,15,0.22,4,gig_variable,0
user_017,7,1135.4,1203.0,852.29,0.0,0.0,70033.0,1545.85,4.71,14.82,0,6,1,0.386,0.34,0.274,0.76,0,0,21,0.22,2,gig_variable,1
user_017,8,643.67,438.0,432.5,1712.5,3429.6,165312.0,6488.98,5.14,15.78,0,15,1,0.32,0.209,0.471,2.74,0,3,20,0.82,3,gig_variable,0
user_017,9,407.5,407.5,795.67,2583.5,0.0,88728.0,5970.31,3.14,15.23,0,9,1,0.268,0.438,0.294,2.51,0,0,21,0.74,2,gig_variable,0
user_018,1,645.33,1337.0,1045.8,2272.67,1845.25,149441.0,6115.0,5.57,15.15,0,8,1,0.205,0.449,0.347,1.26,0,1,5,0.41,0,gig_variable,0
user_018,2,1107.33,1746.0,713.0,1431.0,4259.0,191514.0,6551.06,5.29,14.54,0,4,1,0.303,0.575,0.122,2.0,0,1,12,0.68,0,gig_variable,0
user_018,3,832.0,1842.75,768.12,0.0,2478.0,85731.0,1814.55,5.29,15.27,0,11,1,0.491,0.228,0.281,1.64,0,1,13,0.45,5,gig_variable,0
user_018,4,909.0,1234.67,1165.0,272.0,2935.5,99458.0,5434.31,4.43,15.77,0,7,1,0.45,0.305,0.245,1.59,0,2,18,0.7,2,gig_variable,0
user_018,5,525.0,908.33,984.89,1318.0,3523.5,161022.0,5163.88,6.14,13.77,0,14,1,0.228,0.503,0.27,2.08,0,0,14,0.37,0,gig_variable,0
user_018,6,971.67,1180.75,1589.8,1209.0,2395.0,102373.0,5306.26,4.43,14.03,0,4,1,0.554,0.153,0.293,1.13,0,1,25,0.72,0,gig_variable,0
user_018,7,996.5,608.5,1642.17,1166.67,5720.0,103999.0,5079.09,4.29,13.7,0,13,1,0.216,0.34,0.444,0.89,0,1,18,0.64,0,gig_variable,0
user_018,8,1083.33,1202.2,760.0,1951.75,2783.67,102864.0,3152.9,5.86,14.34,0,11,1,0.518,0.307,0.175,2.5,0,1,6,0.4,4,gig_variable,0
user_018,9,1629.0,1607.33,725.67,2434.0,5396.0,120769.0,5029.3,3.71,14.23,0,9,1,0.351,0.189,0.46,1.28,0,1,25,0.44,2,gig_variable,0
user_019,1,0.0,1370.5,392.71,1201.71,3475.67,98872.0,3837.08,5.14,14.97,0,8,1,0.262,0.534,0.204,2.6,0,0,15,0.28,0,gig_variable,0
user_019,2,745.8,2280.0,562.4,1835.14,1848.5,168577.0,5841.82,5.57,16.21,0,15,1,0.425,0.383,0.192,1.29,0,1,14,0.59,4,gig_variable,0
user_019,3,892.0,1109.67,1219.5,1501.0,2227.0,120515.0,4334.28,5.0,15.09,0,6,1,0.223,0.564,0.213,0.81,0,0,21,0.62,4,gig_variable,0
user_019,4,1008.5,878.25,1341.86,2167.33,3354.5,134322.0,4207.92,5.57,14.33,0,1,1,0.362,0.482,0.156,1.08,0,0,16,0.75,5,gig_variable,0
user_019,5,994.0,1159.25,524.0,1439.25,2236.0,150475.0,4958.19,6.0,15.4,0,3,1,0.439,0.259,0.302,1.09,0,0,4,0.23,5,gig_variable,0
user_019,6,1080.75,2037.0,1203.86,1105.67,3070.5,92465.0,2478.3,5.0,14.54,0,6,1,0.236,0.411,0.352,1.92,0,0,20,0.26,4,gig_variable,0
user_019,7,1198.67,1326.67,633.2,1065.67,3556.0,147535.0,5010.52,5.86,15.51,0,10,1,0.393,0.159,0.448,1.84,0,1,20,0.44,1,gig_variable,0
user_019,8,1735.0,2044.0,1245.67,1496.5,1289.4,157550.0,5456.38,5.29,13.95,0,0,1,0.135,0.298,0.567,1.51,0,1,24,0.36,2,gig_variable,0
user_019,9,0.0,1543.0,554.0,1251.5,3253.0,52689.0,3794.22,2.29,15.0,0,13,1,0.545,0.176,0.279,1.71,0,0,16,0.36,1,gig_variable,0
user_020,1,1130.0,1270.0,673.0,1512.0,3453.75,143789.0,4359.19,5.71,14.55,0,15,1,0.518,0.25,0.232,2.35,0,2,18,0.61,5,gig_variable,0
user_020,2,787.0,643.0,1236.5,1504.0,5727.0,130983.0,4699.87,5.29,15.11,0,6,1,0.603,0.289,0.108,1.93,0,2,12,0.83,4,gig_variable,0
user_020,3,834.0,1611.0,768.75,1106.67,3808.0,159057.0,4978.35,5.71,15.18,0,13,1,0.388,0.413,0.199,1.46,0,1,10,0.73,3,gig_variable,0
user_020,4,1676.0,761.0,1006.12,2246.0,2599.67,99755.0,3084.65,5.0,15.11,0,6,1,0.272,0.366,0.362,2.57,0,0,23,0.4,5,gig_variable,0
user_020,5,765.5,746.67,794.8,1472.0,2899.67,154084.0,5178.03,5.0,15.94,0,9,1,0.338,0.454,0.208,2.6,0,1,23,0.72,2,gig_variable,0
user_020,6,1121.2,1496.5,632.0,2555.5,0.0,121447.0,3712.18,5.29,15.59,0,15,1,0.413,0.399,0.188,0.66,0,0,19,0.55,3,gig_variable,1
user_020,7,681.0,2210.0,1176.5,1382.71,3809.4,125831.0,4442.03,5.43,14.71,0,2,1,0.353,0.438,0.209,0.72,0,1,18,0.39,0,gig_variable,1
user_020,8,1442.0,1749.0,1400.2,1117.4,2179.5,110260.0,3607.35,5.43,15.47,0,0,1,0.465,0.216,0.319,0.83,0,0,23,0.31,1,gig_variable,0
user_020,9,1186.0,0.0,1013.5,1869.0,3447.0,84710.0,4283.37,3.43,15.96,0,10,1,0.263,0.576,0.161,1.12,0,0,21,0.23,2,gig_variable,0
user_021,1,1011.25,1367.0,1217.4,2219.0,2550.25,131229.0,5342.29,5.14,15.11,0,14,1,0.5,0.326,0.173,1.19,0,1,7,0.3,4,stress_spender,0
user_021,2,764.0,1333.43,997.67,1595.33,4491.33,121293.0,5177.43,5.29,16.65,0,6,1,0.378,0.087,0.535,2.01,0,0,8,0.57,5,stress_spender,0
user_021,3,462.5,862.75,923.5,742.0,2901.2,76765.0,2835.34,4.71,14.03,0,14,1,0.287,0.278,0.435,1.13,0,0,14,0.25,3,stress_spender,0
user_021,4,0.0,1523.33,500.5,1913.0,5583.0,102572.0,3738.53,4.57,15.19,0,0,1,0.504,0.215,0.281,2.35,0,0,14,0.4,0,stress_spender,0
user_021,5,905.5,1463.5,820.0,2018.75,3537.0,115248.0,4109.4,5.43,15.63,0,3,1,0.423,0.445,0.132,1.73,0,0,20,0.4,5,stress_spender,0
user_021,6,312.0,1099.33,1032.75,1192.0,3891.0,169612.0,6917.66,4.43,14.29,0,10,1,0.148,0.508,0.344,2.39,0,0,25,0.49,2,stress_spender,0
user_021,7,824.0,2135.0,560.4,2269.62,2936.8,54346.0,1980.54,4.0,13.61,0,4,1,0.303,0.538,0.159,2.56,0,8,25,0.64,2,stress_spender,1
user_021,8,909.45,0.0,331.67,1293.67,3287.18,88123.0,3728.7,5.14,14.44,0,6,1,0.353,0.275,0.372,2.39,0,16,21,0.63,2,stress_spender,1
user_021,9,1140.33,0.0,971.0,2113.4,3746.17,55933.0,2309.66,3.43,14.75,0,1,1,0.518,0.171,0.31,2.22,0,11,25,0.58,0,stress_spender,1
user_022,1,1285.5,1839.8,1297.4,1108.0,3187.33,156412.0,6228.57,5.29,14.46,0,7,1,0.458,0.38,0.162,1.98,0,0,16,0.71,2,stress_spender,0
user_022,2,1578.0,1828.67,946.4,1167.75,4073.67,139481.0,4682.93,5.0,15.0,0,7,1,0.558,0.13,0.312,0.87,0,0,6,0.79,4,stress_spender,0
user_022,3,587.33,807.0,961.0,1370.43,3657.0,89691.0,3756.62,4.29,15.4,0,6,1,0.22,0.32,0.46,2.56,0,1,4,0.37,0,stress_spender,0
user_022,4,796.5,0.0,648.57,2862.0,1873.75,103746.0,3541.01,5.14,14.64,0,1,1,0.202,0.388,0.41,2.72,0,1,21,0.36,4,stress_spender,0
user_022,5,828.25,1574.0,1031.25,1235.86,3896.6,134899.0,4360.29,5.43,15.63,0,15,1,0.121,0.331,0.548,2.78,0,4,24,0.36,3,stress_spender,1
user_022,6,841.67,984.0,1282.5,493.0,3127.75,123495.0,3519.97,5.57,13.72,0,6,1,0.595,0.286,0.119,2.38,0,1,8,0.38,0,stress_spender,0
user_022,7,926.67,1695.5,424.62,1808.86,2426.0,83906.0,3543.22,5.14,15.92,0,11,1,0.188,0.671,0.141,1.96,0,14,20,0.53,1,stress_spender,1
user_022,8,1059.5,1107.5,1114.0,1529.0,2500.2,79084.0,1854.25,5.29,13.68,0,0,1,0.513,0.212,0.275,2.58,0,15,16,0.22,0,stress_spender,1
user_022,9,784.0,0.0,0.0,2028.6,5397.0,34099.0,1638.14,2.43,17.29,0,11,1,0.479,0.419,0.102,0.79,0,5,11,0.63,4,stress_spender,1
user_023,1,1440.0,1671.67,774.11,779.33,2601.0,87084.0,4329.18,4.43,14.16,0,7,1,0.303,0.479,0.219,0.91,0,0,17,0.39,4,stress_spender,0
user_023,2,944.25,1228.2,998.56,1862.33,2918.0,87372.0,3641.17,5.0,14.94,0,3,1,0.174,0.187,0.639,2.09,0,1,22,0.32,3,stress_spender,0
user_023,3,225.0,1069.75,1068.86,1706.67,2045.33,144976.0,6323.59,4.86,14.21,0,9,1,0.329,0.408,0.263,0.56,0,0,23,0.68,5,stress_spender,1
user_023,4,802.5,1144.67,378.33,1696.75,0.0,74423.0,2200.98,5.14,14.08,0,14,1,0.321,0.48,0.199,2.38,0,0,21,0.41,4,stress_spender,0
user_023,5,690.0,701.5,1246.25,1832.0,4984.0,129717.0,5612.51,4.71,15.39,0,3,1,0.549,0.357,0.094,0.87,0,0,9,0.84,4,stress_spender,0
user_023,6,540.0,1293.83,560.5,1856.8,3988.5,137833.0,5306.86,4.86,14.74,0,1,1,0.28,0.178,0.542,1.02,0,2,6,0.33,3,stress_spender,0
user_023,7,856.0,1439.5,995.33,1593.38,2826.57,115673.0,4802.19,5.14,14.44,0,1,1,0.356,0.463,0.181,1.21,0,9,19,0.64,0,stress_spender,1
user_023,8,863.75,759.0,435.0,1263.5,3323.5,64932.0,3639.37,4.29,15.47,0,12,1,0.223,0.148,0.629,2.29,0,9,25,0.83,5,stress_spender,1
user_023,9,546.2,0.0,349.0,1612.17,3227.0,60784.0,4436.95,3.29,14.91,0,0,1,0.562,0.099,0.34,2.26,0,12,15,0.37,2,stress_spender,1
user_024,1,1261.0,0.0,862.29,1719.67,3230.67,192239.0,6394.95,5.43,14.82,0,10,1,0.342,0.494,0.165,2.52,0,1,19,0.69,5,stress_spender,0
user_024,2,1067.5,1453.0,960.75,1837.5,0.0,126769.0,5293.34,4.57,15.62,0,5,1,0.366,0.182,0.452,2.43,0,2,14,0.46,2,stress_spender,0
user_024,3,1009.0,1103.0,512.8,1797.25,0.0,104029.0,3943.65,4.57,16.44,0,5,1,0.394,0.255,0.351,1.79,0,0,15,0.53,3,stress_spender,0
user_024,4,891.2,996.5,1389.33,1153.67,3360.67,156158.0,4815.42,5.71,15.12,0,9,1,0.466,0.165,0.368,0.83,0,2,12,0.66,3,stress_spender,0
user_024,5,972.0,2187.33,300.67,2173.25,3280.5,160813.0,6177.47,4.14,16.59,0,1,1,0.341,0.388,0.271,2.71,0,0,14,0.2,0,stress_spender,0
user_024,6,1595.0,0.0,636.5,1599.0,3272.5,138144.0,5865.15,4.29,13.53,0,15,1,0.419,0.113,0.468,0.79,0,0,15,0.35,0,stress_spender,1
user_024,7,1112.29,2073.0,891.0,1673.4,3301.83,108153.0,4085.47,4.86,15.32,0,8,1,0.264,0.364,0.371,2.37,0,14,11,0.61,0,stress_spender,1
user_024,8,1074.38,478.0,1550.0,1429.0,3321.3,99251.0,3336.8,4.86,14.68,0,11,1,0.269,0.461,0.27,2.79,0,11,13,0.32,0,stress_spender,1
user_024,9,950.83,1090.0,762.0,2047.0,2793.33,70945.0,4153.19,3.43,15.25,0,2,1,0.773,0.065,0.162,0.87,0,10,21,0.72,3,stress_spender,1
user_025,1,939.5,1046.25,1213.2,1136.75,3634.5,67001.0,1833.86,4.57,14.78,0,14,1,0.386,0.279,0.335,1.66,0,1,7,0.56,5,stress_spender,0
user_025,2,708.0,1644.25,1247.0,1917.75,3942.0,114595.0,2546.9,5.14,15.14,0,13,1,0.429,0.187,0.384,1.34,0,1,21,0.56,1,stress_spender,0
user_025,3,1312.2,822.0,849.75,2327.33,3850.0,143653.0,4332.85,5.43,15.03,0,15,1,0.289,0.327,0.383,0.86,0,0,23,0.81,1,stress_spender,0
user_025,4,1271.5,2118.75,670.86,1643.33,4534.0,134170.0,4574.66,5.29,15.22,0,2,1,0.271,0.394,0.334,2.16,0,0,4,0.37,3,stress_spender,0
user_025,5,189.0,1798.5,857.8,877.0,3536.0,85558.0,2959.56,4.29,15.23,0,12,1,0.444,0.282,0.274,0.75,0,1,6,0.27,2,stress_spender,1
user_025,6,386.0,933.5,1122.57,1634.67,3225.0,159450.0,6444.55,4.57,15.44,0,1,1,0.36,0.406,0.234,1.15,0,1,6,0.23,4,stress_spender,0
user_025,7,890.57,1497.5,868.8,1924.0,1458.2,77778.0,3378.61,4.14,16.45,0,4,1,0.228,0.315,0.456,1.25,0,10,12,0.83,3,stress_spender,1
user_025,8,1051.78,2140.5,831.5,2113.83,3712.0,85491.0,1866.73,5.14,14.61,0,8,1,0.354,0.213,0.433,2.15,0,15,24,0.62,0,stress_spender,1
user_025,9,1102.14,819.0,461.0,834.4,1630.25,32299.0,1162.74,3.29,15.52,0,1,1,0.178,0.605,0.217,1.71,0,9,22,0.55,1,stress_spender,1
user_026,1,686.0,1378.8,663.5,1173.0,5156.0,131604.0,4952.08,5.71,15.68,0,6,1,0.449,0.165,0.387,2.16,0,1,20,0.49,3,stress_spender,0
user_026,2,1231.5,771.5,745.14,2084.2,3614.2,181356.0,5348.86,6.0,14.81,0,3,1,0.291,0.28,0.429,2.58,0,1,5,0.63,3,stress_spender,0
user_026,3,1149.83,1352.5,1436.57,2270.5,3304.83,113416.0,2397.07,5.71,14.42,0,4,1,0.461,0.319,0.22,2.6,0,1,17,0.83,5,stress_spender,0
user_026,4,801.5,1119.33,1178.71,1584.0,3413.4,167935.0,6364.56,5.14,15.64,0,15,1,0.51,0.126,0.363,2.16,0,0,19,0.38,4,stress_spender,0
user_026,5,1149.0,1346.2,698.12,1484.5,3754.5,131754.0,4494.19,5.71,14.62,0,11,1,0.224,0.343,0.433,1.13,0,2,22,0.53,5,stress_spender,0
user_026,6,734.0,1156.75,790.4,696.0,0.0,117528.0,4897.63,5.0,14.57,0,10,1,0.429,0.453,0.118,1.82,0,0,22,0.84,0,stress_spender,0
user_026,7,819.57,0.0,844.44,1614.67,3360.0,75121.0,3841.18,4.71,15.91,0,2,1,0.13,0.362,0.508,1.46,0,10,6,0.35,1,stress_spender,1
user_026,8,778.5,1541.33,435.75,1463.5,3102.6,118882.0,5220.67,4.57,15.5,0,15,1,0.453,0.424,0.123,1.3,0,14,24,0.46,5,stress_spender,1
user_026,9,892.2,0.0,779.0,1817.33,3200.25,60318.0,4463.12,2.86,14.2,0,14,1,0.266,0.096,0.637,1.16,0,4,10,0.33,1,stress_spender,1
user_027,1,800.0,1197.25,893.55,0.0,1981.75,75011.0,3069.76,5.0,14.51,0,9,1,0.393,0.241,0.366,0.63,0,0,13,0.39,0,stress_spender,1
user_027,2,448.0,796.5,838.5,2047.0,786.0,125542.0,5633.21,4.86,14.44,0,11,1,0.339,0.368,0.293,0.57,0,0,15,0.82,1,stress_spender,1
user_027,3,514.75,1736.33,290.0,1211.75,3911.8,82559.0,1587.12,5.0,14.66,0,12,1,0.249,0.365,0.387,0.54,0,3,25,0.24,4,stress_spender,1
user_027,4,1292.33,1722.33,585.67,1207.0,2737.67,95765.0,3113.07,4.57,14.22,0,14,1,0.346,0.577,0.078,2.02,0,1,7,0.46,3,stress_spender,1
user_027,5,1622.0,0.0,656.2,1415.6,3849.5,192084.0,7193.81,4.86,15.0,0,10,1,0.175,0.201,0.624,1.46,0,1,25,0.62,2,stress_spender,0
user_027,6,791.75,1604.0,493.25,1079.75,2394.0,147876.0,6686.12,5.14,15.36,0,12,1,0.246,0.158,0.596,2.38,0,1,15,0.32,1,stress_spender,0
user_027,7,498.0,1516.0,1282.0,1691.67,3786.44,88135.0,3726.74,3.86,14.41,0,3,1,0.417,0.312,0.271,1.04,0,7,11,0.63,4,stress_spender,1
user_027,8,430.8,810.0,914.5,1897.25,3937.17,104250.0,4074.69,5.0,16.23,0,3,1,0.301,0.506,0.193,1.81,0,12,6,0.57,0,stress_spender,1
user_027,9,1159.75,0.0,0.0,1329.5,3877.6,60426.0,3555.29,2.71,12.47,0,5,1,0.162,0.375,0.464,2.18,0,5,20,0.73,3,stress_spender,1
user_028,1,1215.8,1740.75,1236.8,1641.5,3199.12,100376.0,2516.22,5.71,13.9,0,15,1,0.37,0.407,0.224,2.22,0,0,8,0.59,0,stress_spender,0
user_028,2,510.0,2100.67,1173.75,0.0,2870.6,104424.0,2790.05,5.0,15.57,0,6,1,0.28,0.3,0.42,2.28,0,0,21,0.44,2,stress_spender,0
user_028,3,663.8,0.0,402.0,1970.67,5491.0,97800.0,3497.59,4.0,16.21,0,3,1,0.351,0.443,0.206,2.5,0,1,20,0.63,4,stress_spender,0
user_028,4,1193.0,1241.0,904.5,1629.5,5238.0,94557.0,2625.58,5.71,14.58,0,9,1,0.298,0.518,0.184,2.36,0,1,19,0.28,2,stress_spender,0
user_028,5,564.0,1093.5,1269.25,302.0,0.0,96293.0,3074.05,5.0,15.09,0,1,1,0.221,0.339,0.441,0.55,0,0,15,0.64,3,stress_spender,1
user_028,6,971.5,1356.33,2021.0,778.33,4533.0,138781.0,4944.47,4.71,14.12,0,10,1,0.231,0.551,0.218,1.25,0,0,24,0.72,5,stress_spender,1
user_028,7,1144.3,1820.0,663.0,1680.33,3374.0,110012.0,3014.92,6.43,15.24,0,0,1,0.184,0.216,0.6,1.83,0,12,18,0.63,5,stress_spender,1
user_028,8,953.78,1135.5,2142.0,2235.5,3833.3,76689.0,1634.33,4.43,14.74,0,12,1,0.286,0.472,0.242,1.12,0,13,11,0.41,2,stress_spender,1
user_028,9,511.0,511.0,647.0,1496.2,3418.56,51119.0,1871.81,3.0,14.86,0,8,1,0.405,0.296,0.299,1.67,0,4,22,0.77,1,stress_spender,1
user_029,1,647.0,1480.67,434.75,1526.0,3886.5,129700.0,4398.38,5.43,15.84,0,6,1,0.112,0.309,0.578,1.78,0,1,14,0.31,1,stress_spender,0
user_029,2,1491.0,819.25,963.62,1592.67,1953.5,138597.0,6086.53,4.71,15.85,0,8,1,0.366,0.193,0.442,2.42,0,2,9,0.4,5,stress_spender,0
user_029,3,1065.75,1987.0,1310.67,1583.0,3859.5,131645.0,4600.37,5.14,15.78,0,0,1,0.312,0.462,0.226,1.81,0,0,22,0.72,2,stress_spender,0
user_029,4,1138.0,799.0,657.8,977.0,2804.11,92733.0,3660.87,4.29,15.33,0,3,1,0.465,0.223,0.313,2.22,0,1,7,0.49,5,stress_spender,0
user_029,5,821.0,788.5,577.88,1217.33,3150.0,112891.0,4136.5,5.14,14.31,0,10,1,0.33,0.371,0.299,0.79,0,0,20,0.82,3,stress_spender,1
user_029,6,1044.0,931.5,953.43,2258.5,3985.17,137889.0,3833.75,5.71,16.08,0,10,1,0.463,0.332,0.206,2.32,0,0,25,0.3,5,stress_spender,0
user_029,7,919.25,1217.75,1662.5,2193.0,3788.33,94702.0,3003.21,5.86,14.15,0,9,1,0.3,0.22,0.48,1.16,0,11,5,0.42,5,stress_spender,1
user_029,8,1042.08,1012.0,440.0,2073.4,2712.33,96370.0,3984.11,5.0,15.4,0,5,1,0.248,0.292,0.46,2.41,0,15,8,0.3,4,stress_spender,1
user_029,9,885.67,702.0,765.0,1630.5,3862.67,50964.0,2013.13,3.0,15.81,0,3,1,0.28,0.603,0.117,1.44,0,5,12,0.61,5,stress_spender,1
user_030,1,907.0,1942.8,1164.5,1820.25,3862.33,156284.0,5531.18,4.57,13.66,0,2,1,0.348,0.42,0.232,0.54,0,1,13,0.53,0,stress_spender,1
user_030,2,1120.67,827.0,966.83,1946.75,2662.5,101167.0,3666.57,5.14,14.39,0,3,1,0.352,0.428,0.219,1.93,0,0,22,0.28,1,stress_spender,0
user_030,3,636.5,1400.0,785.86,2804.0,5152.0,178525.0,6706.43,5.43,15.18,0,7,1,0.243,0.273,0.484,2.05,0,1,7,0.67,4,stress_spender,0
user_030,4,1125.0,881.5,1237.0,1900.67,2028.0,85431.0,2795.52,4.29,14.57,0,6,1,0.071,0.329,0.601,1.55,0,1,6,0.32,2,stress_spender,0
user_030,5,1103.0,421.0,640.5,1507.2,5124.33,193259.0,7173.7,4.86,14.56,0,11,1,0.342,0.329,0.329,0.89,0,0,11,0.51,1,stress_spender,0
user_030,6,1126.0,1407.67,955.25,1344.0,2232.0,142550.0,5316.02,5.57,15.51,0,7,1,0.418,0.288,0.295,2.08,0,2,16,0.37,3,stress_spender,0
user_030,7,1129.25,2406.0,844.6,1094.0,3668.45,94475.0,3190.89,5.43,14.87,0,8,1,0.165,0.334,0.501,1.5,0,14,16,0.27,1,stress_spender,1
user_030,8,982.0,1488.0,755.17,1868.83,3876.11,107626.0,2201.6,5.86,15.44,0,2,1,0.255,0.349,0.397,2.23,0,14,8,0.54,2,stress_spender,1
user_030,9,709.0,0.0,726.5,2208.5,2425.17,80931.0,5364.59,3.0,14.57,0,13,1,0.719,0.116,0.165,2.21,0,12,19,0.25,4,stress_spender,1
user_031,1,937.0,2456.0,981.17,2617.0,4995.0,141067.0,4532.5,4.57,15.47,0,6,1,0.145,0.299,0.556,2.41,0,3,4,0.53,0,disciplined_saver,0
user_031,2,1422.0,1562.0,1347.6,208.0,0.0,109523.0,4341.52,3.86,15.15,0,1,1,0.394,0.206,0.4,2.69,0,0,17,0.76,3,disciplined_saver,0
user_031,3,1207.0,1537.71,1332.5,1399.0,2950.67,147222.0,5231.75,5.0,15.2,0,2,1,0.516,0.297,0.187,1.19,0,0,4,0.39,4,disciplined_saver,0
user_031,4,467.0,977.57,763.88,2239.0,2257.0,127309.0,5368.25,5.29,14.78,0,7,1,0.351,0.292,0.357,2.16,0,1,4,0.82,0,disciplined_saver,0
user_031,5,668.0,1470.6,544.12,1071.0,0.0,139324.0,6164.34,4.71,14.45,0,11,1,0.633,0.079,0.288,0.57,0,1,11,0.73,5,disciplined_saver,1
user_031,6,1202.5,767.0,690.0,1259.0,2779.0,124432.0,4228.32,4.71,15.39,0,7,1,0.251,0.324,0.425,2.03,0,1,14,0.56,0,disciplined_saver,0
user_031,7,723.0,1892.25,521.33,1300.4,4529.0,140115.0,5699.72,4.43,14.9,0,1,1,0.41,0.284,0.306,2.59,0,0,11,0.73,2,disciplined_saver,0
user_031,8,866.0,1549.29,857.0,0.0,0.0,123901.0,3219.34,6.0,14.43,0,3,1,0.317,0.357,0.327,2.72,0,1,18,0.22,4,disciplined_saver,0
user_031,9,934.5,0.0,411.67,2405.0,3037.0,48481.0,3359.66,2.29,15.19,0,2,1,0.249,0.214,0.537,2.36,0,0,7,0.71,0,disciplined_saver,0
user_032,1,1273.5,865.75,1204.75,2538.33,0.0,154616.0,5343.21,4.86,15.41,0,10,1,0.415,0.395,0.189,1.23,0,1,12,0.25,3,disciplined_saver,0
user_032,2,535.0,1373.0,708.0,2663.5,3215.0,121947.0,4771.5,4.86,15.32,0,4,1,0.294,0.146,0.56,0.86,0,1,17,0.31,4,disciplined_saver,0
user_032,3,1007.33,1243.4,819.5,1070.67,4387.0,111233.0,3711.25,5.14,15.0,0,8,1,0.318,0.436,0.246,2.16,0,1,9,0.41,1,disciplined_saver,0
user_032,4,911.2,1114.0,1044.33,0.0,3288.5,109826.0,2629.28,5.71,14.9,0,12,1,0.284,0.561,0.155,1.31,0,0,22,0.35,0,disciplined_saver,0
user_032,5,894.0,1613.17,899.8,1996.0,0.0,76944.0,1415.31,5.43,15.58,0,5,1,0.419,0.303,0.279,2.72,0,1,22,0.3,1,disciplined_saver,0
user_032,6,1738.0,1407.75,863.17,0.0,3913.0,130174.0,3467.4,5.29,15.19,0,9,1,0.283,0.487,0.23,1.96,0,0,8,0.6,4,disciplined_saver,0
user_032,7,0.0,1391.43,1098.78,1379.5,712.0,103435.0,4286.18,4.71,14.3,0,3,1,0.414,0.413,0.172,1.84,0,0,11,0.48,0,disciplined_saver,0
user_032,8,1108.5,1486.86,648.38,655.0,1893.0,134299.0,4279.48,5.29,15.41,0,14,1,0.361,0.253,0.386,0.65,0,1,16,0.23,4,disciplined_saver,1
user_032,9,0.0,2019.5,353.33,0.0,2190.0,92825.0,5932.45,3.14,15.27,0,14,1,0.247,0.238,0.515,1.77,0,0,25,0.48,4,disciplined_saver,0
user_033,1,0.0,642.0,1227.6,1358.0,1447.0,177786.0,5587.56,5.43,14.61,0,4,1,0.257,0.449,0.294,1.78,0,0,13,0.22,5,disciplined_saver,0
user_033,2,1042.5,1699.4,849.78,1738.0,425.0,129319.0,4559.73,5.43,15.26,0,5,1,0.293,0.363,0.344,2.35,0,2,19,0.77,2,disciplined_saver,0
user_033,3,790.5,1181.29,655.25,1317.0,0.0,128956.0,5196.46,4.71,14.76,0,7,1,0.035,0.413,0.553,2.24,0,1,10,0.28,2,disciplined_saver,0
user_033,4,306.0,1482.0,837.0,2363.0,673.0,173111.0,5709.02,5.29,14.51,0,8,1,0.617,0.198,0.184,1.6,0,2,5,0.63,4,disciplined_saver,0
user_033,5,832.0,1219.2,533.17,0.0,0.0,148745.0,6341.9,4.86,16.03,0,12,1,0.393,0.249,0.358,0.9,0,0,24,0.53,2,disciplined_saver,0
user_033,6,1341.0,1237.75,626.14,1117.0,4414.0,108733.0,3961.05,4.43,14.26,0,11,1,0.571,0.214,0.215,1.74,0,0,9,0.46,2,disciplined_saver,0
user_033,7,0.0,1463.75,1750.0,1988.67,2144.0,178089.0,4982.47,5.57,16.51,0,6,1,0.378,0.362,0.26,2.17,0,1,13,0.22,4,disciplined_saver,0
user_033,8,1378.5,1090.75,871.22,1749.25,1464.0,161669.0,4780.87,5.71,14.5,0,6,1,0.531,0.283,0.186,0.71,0,0,24,0.55,2,disciplined_saver,1
user_033,9,663.5,1437.5,587.8,1514.0,3682.0,45872.0,2640.9,2.71,14.95,0,3,1,0.323,0.399,0.278,1.99,0,0,20,0.23,4,disciplined_saver,0
user_034,1,510.0,1756.33,872.67,1277.67,0.0,171476.0,5104.21,5.71,14.38,0,7,1,0.511,0.241,0.248,0.61,0,1,14,0.72,0,disciplined_saver,1
user_034,2,950.0,1246.33,646.4,329.0,1852.5,111108.0,4902.53,4.29,15.03,0,2,1,0.409,0.153,0.438,1.63,0,0,18,0.64,5,disciplined_saver,0
user_034,3,1241.0,1918.6,774.75,1819.6,4722.5,104179.0,2479.2,4.86,15.21,0,15,1,0.316,0.341,0.342,2.19,0,0,6,0.37,0,disciplined_saver,0
user_034,4,857.67,1032.5,746.11,0.0,0.0,84978.0,2837.97,4.57,14.38,0,14,1,0.416,0.426,0.158,0.51,0,0,4,0.54,0,disciplined_saver,1
user_034,5,936.0,1318.56,1034.88,1687.0,0.0,127917.0,4275.97,5.43,14.47,0,8,1,0.211,0.207,0.583,2.77,0,1,17,0.45,0,disciplined_saver,0
user_034,6,639.0,1450.56,869.0,693.0,3622.0,147990.0,6319.82,4.71,13.55,0,12,1,0.311,0.281,0.408,1.66,0,1,19,0.42,0,disciplined_saver,0
user_034,7,888.5,1343.9,1052.89,0.0,4597.0,185158.0,6268.18,5.43,15.84,0,12,1,0.222,0.43,0.348,0.72,0,0,16,0.44,2,disciplined_saver,1
user_034,8,580.33,1475.67,689.83,0.0,3769.67,114155.0,4351.47,5.14,15.25,0,4,1,0.236,0.304,0.46,1.99,0,1,22,0.31,0,disciplined_saver,0
user_034,9,946.0,308.0,1138.67,0.0,0.0,77158.0,4349.38,2.86,14.35,0,6,1,0.157,0.601,0.242,1.22,0,1,15,0.39,1,disciplined_saver,0
user_035,1,1185.0,1291.75,931.2,625.5,3478.0,115254.0,3383.19,5.86,15.17,0,15,1,0.422,0.288,0.29,0.87,0,0,5,0.4,4,disciplined_saver,0
user_035,2,786.5,1460.25,693.71,1337.0,4872.0,126758.0,4017.48,5.57,14.59,0,4,1,0.244,0.361,0.395,1.54,0,0,21,0.29,1,disciplined_saver,0
user_035,3,484.0,1359.62,967.0,1702.6,3670.0,95759.0,3006.93,4.86,14.5,0,0,1,0.331,0.387,0.281,1.38,0,0,14,0.66,3,disciplined_saver,0
user_035,4,940.0,909.75,456.86,0.0,5058.5,113593.0,4083.37,4.43,15.1,0,15,1,0.245,0.303,0.452,0.96,0,0,9,0.42,2,disciplined_saver,0
user_035,5,1169.0,1696.86,314.5,2050.0,5894.0,95615.0,2416.25,5.0,15.06,0,0,1,0.469,0.43,0.101,2.56,0,0,23,0.49,3,disciplined_saver,0
user_035,6,917.33,876.83,905.0,0.0,4805.0,127866.0,5766.41,4.86,15.5,0,15,1,0.167,0.714,0.119,2.16,0,3,9,0.47,2,disciplined_saver,0
user_035,7,1224.5,1361.6,522.09,0.0,3089.5,96248.0,3591.08,5.0,14.26,0,2,1,0.333,0.374,0.293,1.1,0,1,13,0.71,2,disciplined_saver,0
user_035,8,1164.0,1084.5,551.86,1695.0,0.0,107910.0,5008.15,4.57,14.84,0,3,1,0.254,0.429,0.318,1.65,0,3,13,0.74,1,disciplined_saver,0
user_035,9,1764.0,1336.71,599.0,1445.0,1753.0,60728.0,3400.08,3.14,14.45,0,3,1,0.288,0.144,0.567,0.89,0,0,17,0.63,4,disciplined_saver,0
user_036,1,517.0,1470.33,668.0,2500.0,2322.0,86338.0,2919.96,5.43,14.16,0,14,1,0.315,0.156,0.529,2.53,0,0,25,0.51,1,disciplined_saver,0
user_036,2,909.5,1158.57,1024.9,0.0,3741.0,80966.0,2295.56,5.57,14.87,0,12,1,0.424,0.12,0.456,1.71,0,1,18,0.69,2,disciplined_saver,0
user_036,3,629.0,1575.5,800.86,1197.0,4248.33,106679.0,2894.9,5.14,14.39,0,4,1,0.351,0.437,0.212,2.41,0,1,6,0.54,0,disciplined_saver,0
user_036,4,341.0,1723.83,1508.33,636.0,4098.0,113790.0,5739.4,4.14,14.79,0,12,1,0.505,0.285,0.21,1.27,0,0,25,0.27,2,disciplined_saver,0
user_036,5,1260.0,1966.2,1334.71,2039.0,4872.0,121324.0,6047.24,4.14,15.24,0,6,1,0.77,0.187,0.043,0.53,0,0,6,0.54,5,disciplined_saver,1
user_036,6,623.0,1740.5,662.44,0.0,4727.0,160375.0,4590.72,5.43,15.5,0,6,1,0.542,0.134,0.325,1.79,0,1,9,0.81,4,disciplined_saver,0
user_036,7,264.0,1187.0,1087.0,2433.0,1512.0,106379.0,3203.24,4.86,15.06,0,2,1,0.545,0.222,0.233,2.08,0,0,5,0.42,0,disciplined_saver,0
user_036,8,1203.0,1247.57,662.4,2588.0,0.0,158920.0,5457.85,5.14,15.17,0,10,1,0.494,0.33,0.176,1.17,0,1,8,0.49,2,disciplined_saver,0
user_036,9,686.33,430.0,1392.0,1405.0,2609.0,42065.0,1951.18,2.57,14.83,0,9,1,0.575,0.211,0.215,0.69,0,2,12,0.81,5,disciplined_saver,1
user_037,1,1287.67,1383.0,955.18,1836.0,0.0,133832.0,4970.82,5.14,15.67,0,6,1,0.442,0.342,0.215,2.76,0,1,19,0.54,3,disciplined_saver,0
user_037,2,493.67,1108.2,733.75,1303.75,2611.0,82908.0,4797.38,3.86,14.11,0,11,1,0.275,0.116,0.609,0.54,0,0,16,0.44,1,disciplined_saver,1
user_037,3,1241.33,1507.86,1090.86,2422.0,3735.0,128214.0,3994.11,5.43,14.34,0,2,1,0.426,0.357,0.218,2.22,0,2,21,0.55,5,disciplined_saver,0
user_037,4,803.25,1130.67,1027.88,2403.0,2738.33,140284.0,3913.42,5.57,15.79,0,8,1,0.298,0.366,0.336,2.68,0,1,25,0.8,2,disciplined_saver,0
user_037,5,1138.17,1992.0,1066.67,1471.0,3289.0,115184.0,4423.56,4.71,15.3,0,7,1,0.365,0.278,0.357,1.43,0,0,4,0.56,3,disciplined_saver,0
user_037,6,1047.0,1189.5,663.75,1520.5,3363.0,136679.0,4364.53,5.29,16.11,0,3,1,0.181,0.414,0.404,0.72,0,0,14,0.37,1,disciplined_saver,1
user_037,7,1741.0,871.6,708.14,1385.0,3420.33,125611.0,4455.99,5.0,16.4,0,11,1,0.218,0.275,0.508,1.78,0,1,11,0.47,3,disciplined_saver,0
user_037,8,1356.0,1442.0,882.8,0.0,4560.0,136413.0,4051.5,5.29,15.19,0,1,1,0.191,0.421,0.388,2.38,0,1,4,0.6,0,disciplined_saver,0
user_037,9,807.5,622.0,493.33,975.0,2345.0,84750.0,5129.05,3.0,13.38,0,7,1,0.179,0.731,0.09,1.62,0,0,8,0.56,1,disciplined_saver,0
user_038,1,1545.33,1272.5,433.5,466.0,5011.0,160103.0,6105.48,5.0,14.6,0,15,1,0.33,0.141,0.529,1.01,0,0,24,0.74,3,disciplined_saver,0
user_038,2,849.33,936.0,981.33,835.5,911.0,120131.0,4988.73,5.43,14.37,0,1,1,0.433,0.355,0.212,1.52,0,1,23,0.47,0,disciplined_saver,0
user_038,3,511.67,1380.25,957.1,0.0,3249.0,167231.0,6078.63,5.71,13.88,0,11,1,0.396,0.207,0.397,0.74,0,2,25,0.63,2,disciplined_saver,1
user_038,4,1112.33,1127.5,391.67,0.0,0.0,136094.0,5046.65,4.43,14.48,0,8,1,0.495,0.326,0.18,1.0,0,1,16,0.49,3,disciplined_saver,0
user_038,5,500.5,719.6,944.57,0.0,0.0,142247.0,4118.6,5.43,14.63,0,4,1,0.252,0.519,0.229,1.58,0,0,19,0.57,4,disciplined_saver,0
user_038,6,1752.0,2107.0,570.14,0.0,0.0,136403.0,5877.92,4.29,14.73,0,7,1,0.252,0.388,0.36,1.57,0,0,12,0.83,1,disciplined_saver,0
user_038,7,1012.67,1418.67,1123.8,1519.0,0.0,105080.0,2040.99,5.0,15.83,0,8,1,0.214,0.299,0.487,0.69,0,2,13,0.37,3,disciplined_saver,1
user_038,8,1330.0,1293.29,839.75,1064.0,0.0,80319.0,2471.66,4.57,15.34,0,15,1,0.294,0.263,0.443,1.4,0,2,10,0.6,3,disciplined_saver,0
user_038,9,675.0,0.0,436.0,593.0,4225.5,67108.0,5500.24,2.43,13.82,0,8,1,0.297,0.632,0.071,2.01,0,0,24,0.3,4,disciplined_saver,0
user_039,1,1108.0,906.67,953.2,1225.0,3393.0,115396.0,4219.29,4.43,15.06,0,3,1,0.306,0.229,0.465,2.06,0,1,15,0.48,2,disciplined_saver,0
user_039,2,0.0,1582.0,575.75,1959.0,740.0,142347.0,4277.23,5.71,15.1,0,1,1,0.452,0.201,0.348,0.89,0,0,18,0.67,1,disciplined_saver,0
user_039,3,758.33,1075.14,701.33,2689.0,3792.0,121215.0,3603.23,5.43,14.97,0,10,1,0.403,0.291,0.306,1.67,0,0,25,0.68,2,disciplined_saver,0
user_039,4,0.0,1415.5,958.56,1934.0,1523.0,89243.0,3613.39,4.86,14.82,0,6,1,0.175,0.567,0.258,2.2,0,1,20,0.33,5,disciplined_saver,0
user_039,5,896.0,984.0,627.38,1765.5,1022.0,108668.0,4930.76,4.57,14.94,0,15,1,0.354,0.365,0.28,0.6,0,1,14,0.27,1,disciplined_saver,1
user_039,6,1039.83,1465.2,1004.83,1272.0,0.0,69111.0,2521.45,4.14,16.45,0,4,1,0.23,0.523,0.247,1.65,0,0,7,0.52,4,disciplined_saver,0
user_039,7,1318.2,1560.8,597.5,990.0,915.0,129787.0,5358.0,4.43,14.48,0,6,1,0.234,0.387,0.378,1.45,0,0,22,0.52,4,disciplined_saver,0
user_039,8,714.67,1129.4,1332.43,1716.0,3288.0,126755.0,2782.05,5.57,14.31,0,0,1,0.318,0.51,0.172,1.41,0,0,12,0.61,2,disciplined_saver,0
user_039,9,233.0,1385.8,1295.75,957.5,0.0,49401.0,4093.71,2.57,13.0,0,8,1,0.577,0.19,0.232,2.52,0,0,16,0.52,4,disciplined_saver,0
user_040,1,604.0,1408.17,543.67,1924.0,2571.0,90628.0,2325.06,5.14,15.19,0,4,1,0.353,0.167,0.48,2.69,0,1,4,0.3,4,disciplined_saver,0
user_040,2,1054.0,2017.2,517.88,0.0,5121.0,192595.0,5443.4,5.57,13.97,0,3,1,0.366,0.332,0.302,0.58,0,1,18,0.47,4,disciplined_saver,1
user_040,3,0.0,1067.75,635.2,0.0,5625.0,81859.0,4069.24,3.71,14.08,0,14,1,0.556,0.235,0.209,1.33,0,1,16,0.61,5,disciplined_saver,0
user_040,4,605.25,1144.83,189.0,1261.5,5326.0,92189.0,4436.12,4.71,16.3,0,8,1,0.195,0.351,0.454,2.53,0,0,21,0.39,1,disciplined_saver,0
user_040,5,648.0,1438.67,991.0,1026.33,3114.0,109559.0,3152.07,5.57,15.64,0,9,1,0.29,0.198,0.512,2.35,0,0,16,0.23,4,disciplined_saver,0
user_040,6,835.33,1458.0,891.6,2293.5,3944.0,128608.0,3406.62,5.29,15.84,0,13,1,0.29,0.452,0.259,2.22,0,0,15,0.39,0,disciplined_saver,0
user_040,7,710.25,2117.2,1124.89,1215.0,2147.0,100186.0,3995.94,4.86,14.06,0,10,1,0.466,0.09,0.444,1.61,0,0,4,0.7,1,disciplined_saver,0
user_040,8,931.67,1429.14,532.83,891.0,4174.0,111718.0,4647.05,4.86,14.85,0,2,1,0.176,0.512,0.312,2.17,0,1,4,0.71,4,disciplined_saver,0
user_040,9,1117.0,1001.67,643.75,360.0,0.0,28351.0,1813.15,2.29,16.06,0,1,1,0.516,0.063,0.421,0.78,0,0,18,0.38,0,disciplined_saver,1
user_041,1,1038.0,1032.0,686.75,1836.4,2070.92,74951.0,2092.82,5.43,11.34,18,7,1,0.385,0.438,0.177,2.28,0,1,25,0.72,0,impulse_buyer,1
user_041,2,861.4,682.0,825.0,1195.33,3779.5,132642.0,4501.06,5.14,10.72,15,5,1,0.417,0.248,0.336,1.22,0,1,22,0.53,1,impulse_buyer,1
user_041,3,1093.78,0.0,1426.0,1641.71,4047.25,105187.0,4511.41,4.71,10.91,17,8,1,0.414,0.393,0.193,0.89,0,0,22,0.29,1,impulse_buyer,1
user_041,4,1015.78,1937.0,800.2,1592.67,2607.5,80422.0,3379.76,5.14,11.83,16,4,1,0.2,0.406,0.393,1.1,0,0,14,0.68,0,impulse_buyer,1
user_041,5,843.25,1799.5,763.67,1544.88,4130.83,74348.0,1989.43,4.57,12.66,15,9,1,0.222,0.429,0.349,1.83,0,0,7,0.57,4,impulse_buyer,1
user_041,6,1243.67,0.0,507.0,1902.6,3328.0,88950.0,2223.69,4.86,10.47,18,5,1,0.084,0.645,0.271,2.26,0,1,24,0.71,4,impulse_buyer,1
user_041,7,964.78,368.0,465.75,1790.43,3431.4,66952.0,1895.67,4.86,10.47,17,6,1,0.089,0.555,0.357,0.7,0,1,15,0.3,1,impulse_buyer,1
user_041,8,675.11,0.0,1562.67,1385.09,1915.5,105619.0,4413.97,5.43,10.34,19,8,1,0.357,0.327,0.316,1.55,0,0,20,0.22,3,impulse_buyer,1
user_041,9,1718.0,0.0,410.0,2353.2,2417.38,69910.0,3647.34,3.0,12.29,12,7,1,0.287,0.58,0.133,1.64,0,0,24,0.64,4,impulse_buyer,1
user_042,1,1145.75,0.0,959.5,2140.12,3155.67,96450.0,3565.94,4.71,11.48,13,12,1,0.241,0.598,0.16,2.71,0,0,12,0.52,3,impulse_buyer,1
user_042,2,774.71,345.0,534.17,1297.8,2610.5,67740.0,4031.32,4.29,9.8,11,5,1,0.045,0.408,0.547,0.93,0,0,23,0.55,2,impulse_buyer,1
user_042,3,891.44,425.0,1197.6,1811.0,4466.0,83401.0,3211.58,4.71,14.18,13,13,1,0.255,0.652,0.093,1.79,0,0,24,0.59,1,impulse_buyer,1
user_042,4,966.8,0.0,1095.0,1610.0,2461.25,130400.0,6435.57,4.29,12.0,11,1,1,0.168,0.589,0.243,1.97,0,0,15,0.29,2,impulse_buyer,1
user_042,5,1183.25,1725.0,870.5,1751.29,3030.78,81617.0,1946.27,5.0,9.34,21,6,1,0.054,0.537,0.41,1.43,0,1,11,0.38,4,impulse_buyer,1
user_042,6,1027.0,1042.0,1264.0,1964.75,3145.5,143013.0,3937.12,6.14,10.35,19,11,1,0.377,0.413,0.21,2.49,0,1,21,0.51,1,impulse_buyer,1
user_042,7,1136.4,2220.0,775.67,1916.33,2519.89,123700.0,5119.26,5.14,10.28,16,3,1,0.403,0.332,0.264,2.75,0,1,12,0.79,4,impulse_buyer,1
user_042,8,649.0,626.0,1116.5,1792.86,2845.67,123211.0,5756.82,4.86,11.74,15,5,1,0.16,0.423,0.417,0.6,0,1,8,0.75,3,impulse_buyer,1
user_042,9,1106.5,2368.0,526.25,1117.67,2679.0,48669.0,4562.59,2.43,10.76,6,11,1,0.517,0.245,0.237,1.37,0,0,9,0.39,1,impulse_buyer,1
user_043,1,861.86,0.0,1372.5,1220.45,3447.9,88292.0,2866.36,5.43,11.61,16,4,1,0.069,0.405,0.526,1.5,0,1,22,0.61,5,impulse_buyer,1
user_043,2,809.0,0.0,688.0,1344.89,2856.12,46508.0,1208.13,4.14,12.69,11,13,1,0.268,0.416,0.317,0.88,0,1,18,0.83,4,impulse_buyer,1
user_043,3,977.55,1166.0,354.0,1435.9,2916.5,90464.0,3645.71,6.14,8.74,24,11,1,0.337,0.46,0.203,2.18,0,0,19,0.79,5,impulse_buyer,1
user_043,4,1168.71,1297.0,755.25,1679.14,2425.56,66050.0,1421.68,5.14,11.0,24,2,1,0.071,0.709,0.22,2.64,0,0,22,0.7,5,impulse_buyer,1
user_043,5,1070.67,1305.0,951.2,1342.0,2679.12,76984.0,2469.79,5.29,10.76,25,7,1,0.2,0.525,0.275,1.36,0,0,18,0.52,1,impulse_buyer,1
user_043,6,1072.88,503.0,1076.25,1636.15,3308.6,81800.0,1253.61,6.0,10.57,19,5,1,0.391,0.533,0.077,1.92,0,0,13,0.41,4,impulse_buyer,1
user_043,7,1185.57,0.0,1153.67,1464.0,2340.85,80696.0,1522.09,5.86,12.29,19,2,1,0.325,0.409,0.266,1.24,0,1,6,0.51,5,impulse_buyer,1
user_043,8,803.25,473.0,639.0,1192.0,2487.86,60758.0,1770.83,5.14,11.67,10,4,1,0.179,0.39,0.431,2.54,0,1,9,0.41,0,impulse_buyer,1
user_043,9,1212.57,0.0,257.0,1850.8,4806.75,43120.0,1583.12,2.71,10.84,8,7,1,0.202,0.613,0.185,1.02,0,0,18,0.47,3,impulse_buyer,1
user_044,1,794.89,1162.33,716.0,1654.0,2619.33,46549.0,1168.51,4.43,13.35,7,7,1,0.257,0.43,0.313,2.2,0,0,24,0.67,1,impulse_buyer,1
user_044,2,839.71,1249.0,753.6,2141.86,2994.5,84784.0,3193.89,4.86,11.5,12,8,1,0.137,0.395,0.467,0.97,0,2,9,0.53,1,impulse_buyer,1
user_044,3,1069.67,317.0,852.25,2302.67,3687.69,121477.0,2740.0,5.86,13.59,22,1,1,0.221,0.398,0.381,1.13,0,0,17,0.28,3,impulse_buyer,1
user_044,4,918.38,1418.0,1229.2,1919.33,4223.2,83711.0,2373.59,4.71,13.64,10,8,1,0.396,0.459,0.145,0.84,0,0,23,0.63,2,impulse_buyer,1
user_044,5,985.43,0.0,550.0,2096.75,3458.14,116026.0,3975.75,4.86,10.21,12,9,1,0.399,0.522,0.079,2.68,0,1,9,0.83,2,impulse_buyer,1
user_044,6,983.12,881.0,1026.75,1741.8,3798.14,69304.0,1736.19,4.57,14.34,12,3,1,0.197,0.488,0.315,1.76,0,2,9,0.52,2,impulse_buyer,1
user_044,7,1176.11,0.0,830.5,1582.0,2945.56,139640.0,4438.36,6.0,9.93,18,8,1,0.214,0.58,0.206,0.65,0,1,14,0.52,4,impulse_buyer,1
user_044,8,945.0,1967.0,749.67,2065.25,3014.0,114660.0,4087.81,4.86,11.97,15,3,1,0.28,0.236,0.484,1.04,0,0,22,0.67,3,impulse_buyer,1
user_044,9,975.33,0.0,777.0,1403.33,0.0,48220.0,3467.94,2.71,12.79,7,7,1,0.263,0.651,0.085,0.99,0,1,7,0.35,3,impulse_buyer,1
user_045,1,878.44,1346.5,2286.0,1495.0,2716.75,74000.0,1794.55,5.29,9.59,17,12,1,0.243,0.542,0.215,2.22,0,0,12,0.23,3,impulse_buyer,1
user_045,2,1102.27,1990.0,708.33,1458.0,2179.0,60043.0,1268.33,4.86,10.15,16,2,1,0.375,0.46,0.165,1.12,0,0,21,0.45,0,impulse_buyer,1
user_045,3,787.88,1371.5,873.0,2257.71,3169.33,109441.0,3546.02,5.57,11.08,18,14,1,0.111,0.526,0.363,2.3,0,1,16,0.37,3,impulse_buyer,1
user_045,4,861.5,0.0,938.0,1413.8,3392.11,134946.0,4684.09,5.57,12.41,16,13,1,0.199,0.428,0.373,2.06,0,0,4,0.55,1,impulse_buyer,1
user_045,5,967.57,1132.5,745.5,1488.67,3457.0,82594.0,4099.85,4.57,10.25,13,8,1,0.107,0.395,0.499,1.38,0,1,12,0.72,1,impulse_buyer,1
user_045,6,1069.0,0.0,702.5,1816.56,3579.08,85115.0,1803.65,5.14,9.58,17,8,1,0.09,0.538,0.372,1.73,0,1,18,0.54,3,impulse_buyer,1
user_045,7,1051.25,1677.5,1382.5,2407.0,2242.0,93277.0,3114.66,5.14,12.83,18,15,1,0.181,0.261,0.558,1.05,0,0,11,0.49,3,impulse_buyer,1
user_045,8,1034.78,2271.0,401.33,1311.14,2702.85,110184.0,4388.07,5.57,9.15,20,10,1,0.279,0.407,0.314,1.47,0,0,22,0.5,0,impulse_buyer,1
user_045,9,719.33,850.0,452.0,1307.25,2435.33,44474.0,2260.41,3.14,11.5,7,12,1,0.283,0.573,0.144,2.79,0,1,20,0.53,4,impulse_buyer,1
user_046,1,1051.33,1430.75,315.0,1077.62,2835.55,76774.0,1410.09,5.57,14.69,12,10,1,0.202,0.407,0.391,2.5,0,1,9,0.78,1,impulse_buyer,1
user_046,2,850.33,0.0,66.0,1333.29,2562.9,79300.0,2677.87,5.14,12.56,12,13,1,0.449,0.455,0.095,2.27,0,1,7,0.3,3,impulse_buyer,1
user_046,3,1031.86,0.0,1150.75,1251.22,3431.75,140071.0,4703.8,5.86,9.59,19,9,1,0.357,0.453,0.19,1.89,0,4,11,0.46,4,impulse_buyer,1
user_046,4,800.0,0.0,1174.0,1183.86,3414.25,100269.0,4441.48,4.57,12.31,10,10,1,0.126,0.387,0.487,2.37,0,0,25,0.7,2,impulse_buyer,1
user_046,5,556.4,1369.0,584.0,1723.38,2024.88,76905.0,3381.09,4.86,10.94,18,5,1,0.526,0.405,0.069,1.53,0,1,22,0.77,2,impulse_buyer,1
user_046,6,1124.71,1679.0,331.33,1664.5,3811.83,82465.0,3046.62,4.43,9.48,18,9,1,0.369,0.426,0.205,1.47,0,2,9,0.39,4,impulse_buyer,1
user_046,7,904.33,582.0,963.57,1564.9,2764.77,124942.0,4953.64,5.86,11.17,16,15,1,0.412,0.227,0.361,2.44,0,0,5,0.41,5,impulse_buyer,1
user_046,8,1487.0,632.0,677.67,1296.75,2932.25,61693.0,1772.13,4.29,9.27,16,2,1,0.153,0.684,0.163,2.36,0,0,13,0.38,0,impulse_buyer,1
user_046,9,577.0,2302.0,1101.0,1772.5,4507.0,62396.0,4766.11,2.71,12.32,8,14,1,0.177,0.273,0.55,2.13,0,0,23,0.76,0,impulse_buyer,1
user_047,1,1411.0,1789.0,706.5,1571.25,3698.67,58089.0,1275.33,4.86,12.18,13,7,1,0.255,0.581,0.164,2.32,0,2,14,0.73,4,impulse_buyer,1
user_047,2,951.0,1570.0,681.25,1818.62,2764.0,90417.0,3030.09,5.71,10.62,21,10,1,0.134,0.649,0.217,1.23,0,2,21,0.45,5,impulse_buyer,1
user_047,3,1028.75,1498.0,731.6,1764.6,4198.0,107090.0,4035.11,4.86,10.24,14,1,1,0.145,0.469,0.386,2.09,0,2,11,0.74,5,impulse_buyer,1
user_047,4,1005.2,1420.4,588.6,2047.0,2362.22,64002.0,1285.38,5.14,8.94,16,4,1,0.138,0.725,0.137,2.15,0,1,17,0.57,2,impulse_buyer,1
user_047,5,1149.0,0.0,551.4,1674.78,1411.5,57650.0,1649.04,5.0,11.11,14,9,1,0.212,0.61,0.178,1.59,0,0,15,0.51,1,impulse_buyer,1
user_047,6,935.12,1230.0,1002.0,1418.2,3494.86,81456.0,4290.02,4.43,9.48,14,2,1,0.412,0.358,0.229,1.43,0,0,5,0.26,3,impulse_buyer,1
user_047,7,893.33,0.0,877.0,1877.33,3245.1,90037.0,2212.07,4.86,12.15,10,10,1,0.158,0.612,0.23,0.86,0,2,16,0.2,3,impulse_buyer,1
user_047,8,823.0,0.0,723.75,579.5,3357.78,57836.0,1373.9,4.71,9.79,15,12,1,0.177,0.513,0.31,2.28,0,0,5,0.45,4,impulse_buyer,1
user_047,9,605.5,551.0,1495.5,1697.5,4203.33,53984.0,3189.77,2.71,12.26,7,4,1,0.351,0.487,0.162,0.98,0,0,9,0.4,5,impulse_buyer,1
user_048,1,954.14,1514.0,803.0,2034.8,4015.14,126479.0,4449.83,5.29,13.73,13,11,1,0.33,0.441,0.228,2.02,0,1,25,0.25,4,impulse_buyer,1
user_048,2,1056.6,700.0,959.8,1480.8,3043.0,95569.0,2193.23,6.29,8.8,21,6,1,0.19,0.43,0.38,0.7,0,1,10,0.77,0,impulse_buyer,1
user_048,3,816.8,1475.0,535.86,1603.62,3111.29,70536.0,3219.68,4.57,11.53,17,8,1,0.175,0.326,0.5,0.78,0,1,22,0.44,1,impulse_buyer,1
user_048,4,1023.67,930.0,740.6,1308.0,4182.86,91917.0,3719.75,5.29,11.89,13,0,1,0.152,0.469,0.379,2.38,0,1,15,0.65,5,impulse_buyer,1
user_048,5,749.83,0.0,536.0,2326.75,3390.67,72495.0,2258.74,4.71,12.3,12,14,1,0.281,0.66,0.059,1.01,0,2,20,0.78,0,impulse_buyer,1
user_048,6,1011.6,1117.0,967.67,1788.0,2581.62,79191.0,2573.64,4.71,13.03,13,11,1,0.238,0.399,0.363,2.07,0,0,19,0.25,2,impulse_buyer,1
user_048,7,993.43,2142.0,1079.5,1623.29,3393.0,112297.0,4582.11,4.29,11.9,10,3,1,0.179,0.531,0.29,2.67,0,0,9,0.74,2,impulse_buyer,1
user_048,8,1220.4,0.0,261.0,1511.88,3524.78,63690.0,1460.29,4.29,12.87,11,15,1,0.302,0.533,0.165,0.98,0,0,4,0.85,1,impulse_buyer,1
user_048,9,831.75,888.5,705.0,1472.5,2443.38,38792.0,1381.86,3.29,11.48,9,9,1,0.577,0.307,0.115,1.45,0,0,22,0.59,3,impulse_buyer,1
user_049,1,1118.25,0.0,823.43,1354.0,3078.0,71254.0,1527.27,5.29,11.46,13,15,1,0.243,0.494,0.262,1.74,0,4,6,0.67,3,impulse_buyer,1
user_049,2,928.8,1748.33,604.2,1707.71,3555.62,106460.0,3479.77,5.57,9.33,21,8,1,0.478,0.393,0.129,1.21,0,0,10,0.34,3,impulse_buyer,1
user_049,3,820.86,0.0,628.33,1206.0,3234.43,86772.0,3432.91,5.0,10.91,15,6,1,0.351,0.486,0.163,1.29,0,0,12,0.71,5,impulse_buyer,1
user_049,4,976.56,747.0,386.0,1335.1,4271.71,93782.0,3590.03,5.43,13.32,14,15,1,0.177,0.195,0.628,1.4,0,1,24,0.4,4,impulse_buyer,1
user_049,5,658.17,647.5,584.29,1087.75,3117.5,72006.0,4325.19,4.43,14.03,13,5,1,0.149,0.449,0.401,1.02,0,2,4,0.62,4,impulse_buyer,1
user_049,6,875.2,1752.5,598.0,1604.0,2949.14,74933.0,3825.8,4.14,12.62,10,7,1,0.094,0.752,0.154,2.36,0,0,19,0.66,5,impulse_buyer,1
user_049,7,1085.14,0.0,623.0,1332.0,2332.56,123181.0,4125.23,5.14,11.64,14,8,1,0.295,0.296,0.409,1.88,0,0,9,0.25,0,impulse_buyer,1
user_049,8,1197.25,0.0,1023.5,1553.0,3958.7,110046.0,3283.86,4.86,11.88,13,7,1,0.212,0.346,0.442,1.71,0,1,12,0.34,2,impulse_buyer,1
user_049,9,1159.4,0.0,885.67,1757.0,3221.5,55374.0,4206.73,3.0,7.14,12,14,1,0.503,0.419,0.078,2.74,0,1,6,0.72,2,impulse_buyer,1
user_050,1,1032.9,0.0,497.0,2199.8,2724.14,60449.0,1353.57,4.57,11.44,12,6,1,0.332,0.275,0.393,1.19,0,1,13,0.7,1,impulse_buyer,1
user_050,2,602.57,0.0,499.0,624.43,2518.0,68764.0,4272.76,4.71,10.91,18,10,1,0.244,0.332,0.424,0.55,0,2,7,0.52,4,impulse_buyer,1
user_050,3,1241.29,1141.5,864.8,1226.5,3275.14,92997.0,4163.28,5.57,13.21,15,5,1,0.534,0.34,0.126,2.03,0,1,5,0.79,2,impulse_buyer,1
user_050,4,1187.11,1212.5,825.75,1439.0,3825.17,90668.0,3754.9,5.71,11.45,15,0,1,0.518,0.313,0.169,2.13,0,0,8,0.59,5,impulse_buyer,1
user_050,5,910.33,0.0,353.0,1705.5,3367.83,81744.0,2447.04,4.86,10.53,17,2,1,0.338,0.45,0.211,2.05,0,0,7,0.66,0,impulse_buyer,1
user_050,6,747.2,1959.67,971.33,1241.83,2029.0,47473.0,1274.98,4.14,12.1,11,2,1,0.096,0.583,0.321,1.41,0,0,9,0.23,5,impulse_buyer,1
user_050,7,967.33,336.0,631.0,1772.89,3148.14,123404.0,4008.21,5.86,13.66,18,8,1,0.121,0.543,0.336,1.69,0,1,14,0.79,5,impulse_buyer,1
user_050,8,1689.0,1968.0,1146.4,1403.2,4034.1,147786.0,4293.46,5.14,10.06,19,0,1,0.225,0.462,0.313,1.3,0,2,25,0.79,1,impulse_buyer,1
user_050,9,1236.8,0.0,526.25,1707.67,4327.5,55918.0,2625.12,3.29,10.52,13,8,1,0.086,0.785,0.129,1.73,0,2,14,0.61,2,impulse_buyer,1
